<?xml version="1.0" encoding="UTF-8"?>
<panorama appversion="6.0 beta3" apprev="16902" id="node1">
  <input levelingroll="0" width="1920" leveltilesize="510" overlap="1" flat="1" leveltileurl="tiles/node1/cf_%c/l_%l/c_%x/tile_%y.jpg" cylinder="1" levelbiashidpi="0.400" levelbias="0.400" levelingpitch="0" height="1440">
    <level predecode="0" width="1920" preload="0" height="1440"/>
    <level predecode="0" width="960" preload="0" height="720"/>
    <level predecode="1" width="480" preload="1" height="360"/>
    <preview color="0x808080"/>
  </input>
  <view fovmode="0" pannorth="0">
    <start projection="4" tilt="0" pan="0" fov="70"/>
    <flyin projection="9" tilt="-90" pan="0" fov="170"/>
    <min tilt="-90" fovpixel="2" pan="0"/>
    <max tilt="90" scaletofit="1" fovfisheye="360" fovstereographic="270" pan="360" fov="120"/>
  </view>
  <userdata title="" latitude="" description="" author="" info="" customnodeid="" copyright="" longitude="" comment="" tags="066-maps" datetime="17/09/2018 11:29 a.m." source=""/>
  <hotspots width="180" wordwrap="1" height="20">
    <label border="1" enabled="1" width="180" backgroundcolor="0xffffff" textalpha="1" textcolor="0x000000" borderradius="1" borderalpha="1" background="1" backgroundalpha="1" bordercolor="0x000000" wordwrap="1" height="20"/>
    <polystyle backgroundcolor="0x0000ff" borderalpha="1" backgroundalpha="0.2509803921568627" mode="0" bordercolor="0x0000ff" handcursor="1"/>
    <hotspot title="" target="_blank" tilt="10.53" description="" url="" skinid="ht_example2" pan="24.34" id="Point01"/>
    <hotspot title="" target="_blank" tilt="-21.51" description="" url="" skinid="ht_example3" pan="-19.4" id="Point02"/>
    <hotspot title="" target="_blank" tilt="23.73" description="" url="" skinid="ht_example" pan="-31.21" id="Point03"/>
    <hotspot title="" target="_blank" tilt="3.23" description="" url="" skinid="ht_ripple" pan="5.15" id="Point04"/>
    <hotspot title="" target="_blank" tilt="-9.74" description="" url="" skinid="ht_ripple" pan="-21.16" id="Point05"/>
    <hotspot title="" target="_blank" tilt="16.83" description="" url="" skinid="ht_ripple" pan="-22.56" id="Point06"/>
  </hotspots>
  <media/>
  <transition enabled="0" type="crossdissolve" softedge="0" blendtime="1" zoomin="0" zoomoutpause="1" zoomfov="20" zoomout="0" zoomspeed="2" blendcolor="0x000000"/>
  <animation useinautorotation="0" animsequence="Animation01" syncanimationwithvideo="0"/>
  <control rubberband="0" hideabout="0" lockedmouse="0" lockedwheel="0" dblclickfullscreen="0" sensitivity="8" simulatemass="1" invertwheel="0" lockedkeyboardzoom="0" lockedkeyboard="0" invertcontrol="1" contextfullscreen="0" speedwheel="1" contextprojections="0"/>
</panorama>
